<?xml version="1.0"?>
<!-- World Wind data-file cache configuration -->
<!--$Id: DataFileCache.xml 743 2007-02-03 00:41:24Z tgaskins $-->
<dataFileCache>
    <readLocations>
        <!-- These locations are all searched, in the given order, when World Wind needs a data or image file. -->
        <!-- The write location selected from the writeLocations list is searched before these locations. -->
        <location property="gov.nasa.worldwind.platform.alluser.cache" appDir="MyAppDir" wwDir="WorldWindData"/>
        <location property="gov.nasa.worldwind.platform.user.cache" wwDir="WorldWindData"/>
        <location property="user.dir" wwDir="WorldWindData"/>
        <location property="user.home" wwDir="WorldWindData"/>
    </readLocations>
    <writeLocations>
        <!-- The first writable location in this list is used as the session's data and image file cache. -->
        <!-- If a location does not exist and the create attribute is "true", an attempt is made to create it.-->
        <!-- If that creation attempt succeeds, the location becomes the first writable location and thus is used. -->
        <!-- Only the first location that's writable or creatable is used. Subsequent locations are ignored. -->
        <!-- The chosen writable location is also the first search location, searched prior to any readLocations. -->
        <location property="gov.nasa.worldwind.platform.alluser.cache" wwDir="WorldWindData" create="true"/>
        <location property="gov.nasa.worldwind.platform.user.cache" wwDir="WorldWindData" create="true"/>
        <location property="java.io.tmpdir" wwDir="WorldWindData"/>
    </writeLocations>
</dataFileCache>